"County","PWSID","SystemName","Group","ResPop","CllctDate","mgL","Treatment"
"CLALLAM","26000","FORKS MUNICIPAL WATER DEPT","A",4350,NA,NA,"TREATED"
"CLALLAM","68550","PORT ANGELES, CITY OF","A",19038,NA,NA,"TREATED"
"CLARK","04700","BATTLE GROUND WATER DEPT, CITY OF","A",16710,NA,NA,"TREATED"
"CLARK","10800","CAMAS MUNICIPAL WATER SEWER SYSTEM","A",23020,NA,NA,"TREATED"
"CLARK","91200","VANCOUVER, CITY OF","A",231000,NA,NA,"TREATED"
"COWLITZ","11800","CASTLE ROCK MUNICIPAL WATER","A",2373,NA,NA,"TREATED"
"COWLITZ","37550","KALAMA, CITY OF","A",2900,NA,NA,"TREATED"
"COWLITZ","38000","KELSO, CITY OF","A",12288,NA,NA,"TREATED"
"COWLITZ","48100","LONGVIEW WATER DEPARTMENT","A",40878,NA,NA,"TREATED"
"FRANKLIN","66400","PASCO WATER DEPARTMENT","A",51590,NA,NA,"TREATED"
"GRAYS HARBOR","00050","ABERDEEN, CITY OF","A",16920,NA,NA,"TREATED"
"GRAYS HARBOR","56000","MONTESANO, CITY OF","A",4711,NA,NA,"TREATED"
"ISLAND","62650","OAK HARBOR, CITY OF","A",18716,NA,NA,"TREATED"
"KING","41800","CEDAR RIVER WATER & SEWER DISTRICT","A",23635,NA,NA,"TREATED"
"KING","40650","HIGHLINE WATER DISTRICT","A",68258,NA,NA,"TREATED"
"KING","36350","ISSAQUAH WATER SYSTEM","A",22926,NA,NA,"TREATED"
"KING","38150","KENT WATER DEPARTMENT","A",66693,NA,NA,"TREATED"
"KING","41900","KING COUNTY WATER DISTRICT 111","A",20000,NA,NA,"TREATED"
"KING","41150","KING COUNTY WATER DISTRICT NO 90","A",18000,NA,NA,"TREATED"
"KING","71650","REDMOND WATER SYSTEM, CITY OF","A",60650,NA,NA,"TREATED"
"KING","71850","RENTON, CITY OF","A",62100,NA,NA,"TREATED"
"KING","40900","SAMMAMISH PLATEAU WATER & SEWER","A",54468,NA,NA,"TREATED"
"KING","77050","SEATTLE PUBLIC UTILITIES","A",678000,NA,NA,"TREATED"
"KITSAP","97650","BAINBRIDGE ISLAND, CITY OF","A",5995,NA,NA,"TREATED"
"KITSAP","50700","MANCHESTER WATER DISTRICT","A",8148,NA,NA,"TREATED"
"KITSAP","68900","PORT ORCHARD WATER DEPT","A",7827,NA,NA,"TREATED"
"KITSAP","69150","POULSBO, CITY OF","A",7840,NA,NA,"TREATED"
"KITSAP","73450","ROCKAWAY BEACH WATER","A",190,NA,NA,"TREATED"
"KITSAP","02600","WEST SOUND UTILITY DISTRICT #1","A",18790,NA,NA,"TREATED"
"KITTITAS","22950","ELLENSBURG WATER DEPT","A",18370,NA,NA,"TREATED"
"LEWIS","12200","CENTRALIA UTILITIES","A",15736,NA,NA,"TREATED"
"LEWIS","12250","CHEHALIS WATER DEPARTMENT","A",7185,NA,NA,"TREATED"
"PACIFIC","71500","RAYMOND WATER DEPARTMENT","A",2970,NA,NA,"TREATED"
"PACIFIC","81500","SOUTH BEND WATER DEPARTMENT","A",1888,NA,NA,"TREATED"
"PIERCE","25150","FIRCREST, CITY OF","A",6080,NA,NA,"TREATED"
"PIERCE","26050","JBLM LEWIS","A",29115,NA,NA,"TREATED"
"PIERCE","52200","JBLM MCCHORD FIELD","A",3598,NA,NA,"TREATED"
"PIERCE","86800","TACOMA WATER DIVISION, CITY OF","A",315772,NA,NA,"TREATED"
"SKAGIT","02200","ANACORTES, CITY OF","A",15734,NA,NA,"TREATED"
"SNOHOMISH","24050","EVERETT PUBLIC WORKS DEPT. CITY OF","A",103000,NA,NA,"TREATED"
"SNOHOMISH","63600","OLYMPIC VIEW WATER & SEWER DISTRICT","A",12938,NA,NA,"TREATED"
"SNOHOMISH","84770","SULTAN WATER DEPARTMENT","A",4500,NA,NA,"TREATED"
"SPOKANE","12400","CHENEY, CITY OF","A",8714,NA,NA,"TREATED"
"SPOKANE","24350","FAIRCHILD AIR FORCE BASE","A",1588,NA,NA,"TREATED"
"WAHKIAKUM","11850","CATHLAMET WATER DEPT","A",1530,NA,NA,"TREATED"
"WHATCOM","49150","LYNDEN WATER DEPARTMENT","A",12730,NA,NA,"TREATED"
"WHITMAN","69880","PULLMAN WATER DEPARTMENT, CITY OF","A",25278,NA,NA,"TREATED"
"WHITMAN","93200","WASHINGTON STATE UNIVERSITY","A",6019,NA,NA,"TREATED"
"YAKIMA","88850","TOPPENISH WATER DEPARTMENT","A",8950,NA,NA,"TREATED"
"YAKIMA","99150","YAKIMA WATER DIVISION, CITY OF","A",65238,NA,NA,"TREATED"
"CLALLAM","07386","OLD JOE ROAD","B",8,NA,NA,"INTERTIED"
"COWLITZ","15650","BEACON HILL WATER & SEWER DISTRICT","A",9500,NA,NA,"INTERTIED"
"COWLITZ","18150","DAVIS TERRACE WATER ASSN","A",222,NA,NA,"INTERTIED"
"COWLITZ","38000","KELSO, CITY OF","A",12288,NA,NA,"INTERTIED"
"COWLITZ","88905","TOUTLE COMMUNITY REGIONAL WATER","A",2103,NA,NA,"INTERTIED"
"FRANKLIN","68825","PASCO, PORT OF 210","A",0,NA,NA,"INTERTIED"
"GRAYS HARBOR","15050","COSMOPOLIS WATER DEPARTMENT","A",1635,NA,NA,"INTERTIED"
"GRAYS HARBOR","SP420","LAKE SYLVIA STATE PARK","A",3,NA,NA,"INTERTIED"
"ISLAND","03420","NAVAL AIR STATION/WHIDBEY ISLAND","A",5100,NA,NA,"INTERTIED"
"ISLAND","61603","NORTH WHIDBEY WATER DISTRICT","A",20,NA,NA,"INTERTIED"
"KING","02462","800 FIFTH AVENUE WATER SYSTEM","A",0,NA,NA,"INTERTIED"
"KING","05575","BELLEVUE, CITY OF","A",142900,NA,NA,"INTERTIED"
"KING","07900","BOTHELL WATER, CITY OF","A",15268,NA,NA,"INTERTIED"
"KING","41800","CEDAR RIVER WATER & SEWER DISTRICT","A",23635,NA,NA,"INTERTIED"
"KING","41750","COAL CREEK UTILITY DISTRICT","A",11625,NA,NA,"INTERTIED"
"KING","AC190","COAL CREEK WATER SOCIETY","B",24,NA,NA,"INTERTIED"
"KING","16650","CUMBERLAND COOP WATER SYSTEM","A",152,NA,NA,"INTERTIED"
"KING","SP205","DASH POINT STATE PARK","A",3,NA,NA,"INTERTIED"
"KING","20750","DUVALL, CITY OF","A",7183,NA,NA,"INTERTIED"
"KING","AA882","GRAND RIDGE","B",24,NA,NA,"INTERTIED"
"KING","32900","HIGHLANDS, INC., THE","A",243,NA,NA,"INTERTIED"
"KING","38150","KENT WATER DEPARTMENT","A",66693,NA,NA,"INTERTIED"
"KING","41998","KING COUNTY WATER DISTRICT #125","A",14760,NA,NA,"INTERTIED"
"KING","38950","KING COUNTY WATER DISTRICT #20","A",31710,NA,NA,"INTERTIED"
"KING","39700","KING COUNTY WATER DISTRICT #45","A",3413,NA,NA,"INTERTIED"
"KING","39800","KING COUNTY WATER DISTRICT #49","A",15987,NA,NA,"INTERTIED"
"KING","41985","KING COUNTY WATER DISTRICT 119","A",3250,NA,NA,"INTERTIED"
"KING","42250","KIRKLAND, CITY OF","A",40112,NA,NA,"INTERTIED"
"KING","46415","LAYTON CREEK ASSOC INC","B",23,NA,NA,"INTERTIED"
"KING","53640","MERCER ISLAND, CITY OF","A",22720,NA,NA,"INTERTIED"
"KING","SP590","NOLTE STATE PARK","A",2,NA,NA,"INTERTIED"
"KING","40800","NORTHSHORE UTILITY DISTRICT","A",70146,NA,NA,"INTERTIED"
"KING","03182","PORT OF SEATTLE/SEATAC AIRPORT","A",0,NA,NA,"INTERTIED"
"KING","39600","SHORELINE WATER DISTRICT","A",24706,NA,NA,"INTERTIED"
"KING","40100","SOOS CREEK WATER & SEWER DISTRICT","A",62898,NA,NA,"INTERTIED"
"KING","89500","TUKWILA WATER DEPARTMENT","A",8260,NA,NA,"INTERTIED"
"KING","41600","WOODINVILLE WATER DISTRICT","A",48400,NA,NA,"INTERTIED"
"KITSAP","SP500","MANCHESTER STATE PARK","A",3,NA,NA,"INTERTIED"
"KITTITAS","BP240","ELLENSBURG SUBSTATION","B",0,NA,NA,"INTERTIED"
"LEWIS","88122","CHEHALIS RV PARK","A",8,NA,NA,"INTERTIED"
"PIERCE","18552","ANDRAIN ROAD WATER ASSN","A",189,NA,NA,"INTERTIED"
"PIERCE","16950","CURRAN ROAD MUTUAL WATER ASSN","A",1447,NA,NA,"INTERTIED"
"PIERCE","25050","FIFE DEPT OF PUBLIC WORKS","A",9235,NA,NA,"INTERTIED"
"SNOHOMISH","02603","103RD DR SE WATER SYSTEM","B",11,NA,NA,"INTERTIED"
"SNOHOMISH","04158","122ND AVE WATER SYSTEM","B",9,NA,NA,"INTERTIED"
"SNOHOMISH","44841","273RD AVE SE WATER SYSTEM","B",9,NA,NA,"INTERTIED"
"SNOHOMISH","37925","60TH STREET WATER WORKS","B",24,NA,NA,"INTERTIED"
"SNOHOMISH","01150","ALDERCREST WATER USERS","A",48,NA,NA,"INTERTIED"
"SNOHOMISH","01300","ALDERWOOD WATER DISTRICT","A",171500,NA,NA,"INTERTIED"
"SNOHOMISH","10936","BACON WATER SYSTEM","B",10,NA,NA,"INTERTIED"
"SNOHOMISH","01881","BASCO WATER SYSTEM","B",15,NA,NA,"INTERTIED"
"SNOHOMISH","07250","BLACKMANS LAKE WATER DISTRICT","A",43,NA,NA,"INTERTIED"
"SNOHOMISH","26140","BUNK FOSS SYSTEM","A",36,NA,NA,"INTERTIED"
"SNOHOMISH","AB770","CARMAN WATER SYSTEM","B",12,NA,NA,"INTERTIED"
"SNOHOMISH","11431","CASCADE ACRES HOME OWNERS","A",58,NA,NA,"INTERTIED"
"SNOHOMISH","52727","CEDAR HEIGHTS","B",18,NA,NA,"INTERTIED"
"SNOHOMISH","12500","CHERRY AVE WATER DISTRICT","B",20,NA,NA,"INTERTIED"
"SNOHOMISH","22500","EDMONDS, CITY OF","A",32381,NA,NA,"INTERTIED"
"SNOHOMISH","48453","EKMAN WATER SYSTEM","B",10,NA,NA,"INTERTIED"
"SNOHOMISH","19987","ELDER, JOHN - WATER SYSTEM","B",5,NA,NA,"INTERTIED"
"SNOHOMISH","50264","ELIJAH ALLEN WATER SYSTEM","B",13,NA,NA,"INTERTIED"
"SNOHOMISH","AB690","EVERGREEN WATER DISTRICT","B",15,NA,NA,"INTERTIED"
"SNOHOMISH","25750","FOBES WATER DISTRICT","A",156,NA,NA,"INTERTIED"
"SNOHOMISH","16351","FRIAR CREEK WATER SYSTEM","A",165,NA,NA,"INTERTIED"
"SNOHOMISH","29050","GRANITE FALLS WATER DEPT","A",3270,NA,NA,"INTERTIED"
"SNOHOMISH","01247","GREEN ROAD WATER SYSTEM","B",5,NA,NA,"INTERTIED"
"SNOHOMISH","32850","HIGHLAND WATER DISTRICT","A",3000,NA,NA,"INTERTIED"
"SNOHOMISH","33910","HOME ACRES WATER DISTRICT","B",23,NA,NA,"INTERTIED"
"SNOHOMISH","17051","HOMESTEAD ESTATES WATER SYSTEM","A",28,NA,NA,"INTERTIED"
"SNOHOMISH","AB679","HOOTERVILLE WATER ASSOCIATION","B",5,NA,NA,"INTERTIED"
"SNOHOMISH","07091","JOHNSON, IRA WATER SYSTEM","B",7,NA,NA,"INTERTIED"
"SNOHOMISH","56846","KIM/MCCARY WATER SYSTEM","B",8,NA,NA,"INTERTIED"
"SNOHOMISH","45370","LAKEVIEW WATER DIST","B",22,NA,NA,"INTERTIED"
"SNOHOMISH","17423","LIPPINCOTT WATER SYSTEM","B",24,NA,NA,"INTERTIED"
"SNOHOMISH","49270","LYNNWOOD, CITY OF","A",36160,NA,NA,"INTERTIED"
"SNOHOMISH","20624","MACHIAS RIDGE HOMEOWNERS ASSOC.","A",324,NA,NA,"INTERTIED"
"SNOHOMISH","51530","MARBELLO WATER SYSTEM","A",291,NA,NA,"INTERTIED"
"SNOHOMISH","88675","MARKS, TOM WATER SYSTEM","B",23,NA,NA,"INTERTIED"
"SNOHOMISH","20637","MEADOW LAKE WATER ASSOCIATION","A",171,NA,NA,"INTERTIED"
"SNOHOMISH","55820","MONROE WATER SYSTEM","A",18513,NA,NA,"INTERTIED"
"SNOHOMISH","57250","MOUNTLAKE TERRACE, CITY OF","A",20090,NA,NA,"INTERTIED"
"SNOHOMISH","57550","MUKILTEO WATER & WASTEWATER DISTR","A",24575,NA,NA,"INTERTIED"
"SNOHOMISH","AA475","NEPA PALLET","A",4,NA,NA,"INTERTIED"
"SNOHOMISH","61100","NORTH RIDGE WATER CORP","A",135,NA,NA,"INTERTIED"
"SNOHOMISH","61947","NORTHWEST IMPROVEMENT COMPANY","A",87,NA,NA,"INTERTIED"
"SNOHOMISH","59661","PEACEDALE WATER SYSTEM","B",10,NA,NA,"INTERTIED"
"SNOHOMISH","67375","PILCHUCK 26 TRACTS","A",66,NA,NA,"INTERTIED"
"SNOHOMISH","67380","PILCHUCK RIVIERA #1","A",90,NA,NA,"INTERTIED"
"SNOHOMISH","72835","RIVERSHORE WATER DISTRICT #1","A",24,NA,NA,"INTERTIED"
"SNOHOMISH","72844","RIVERSIDE WATER DIST #1","A",48,NA,NA,"INTERTIED"
"SNOHOMISH","74150","ROOSEVELT WATER ASSOCIATION","A",2747,NA,NA,"INTERTIED"
"SNOHOMISH","04159","RYNER WATER SYSTEM","B",15,NA,NA,"INTERTIED"
"SNOHOMISH","76650","SCHLUTER WATER ASSOCIATION","A",220,NA,NA,"INTERTIED"
"SNOHOMISH","59540","SEIPP WATER SYSTEM","B",13,NA,NA,"INTERTIED"
"SNOHOMISH","79250","SILVER LAKE WATER & SEWER DISTRICT","A",47333,NA,NA,"INTERTIED"
"SNOHOMISH","80000","SKY MEADOW WATER ASSN","A",1003,NA,NA,"INTERTIED"
"SNOHOMISH","80907","SNO PUD 1 -  LAKE STEVENS","A",43695,NA,NA,"INTERTIED"
"SNOHOMISH","20150","SNO PUD 1 - DUBUQUE","A",2545,NA,NA,"INTERTIED"
"SNOHOMISH","01612","SNO PUD 1 - LAKE ROESIGER","A",1197,NA,NA,"INTERTIED"
"SNOHOMISH","44431","SNO PUD 1 - STORM LAKE RIDGE","A",432,NA,NA,"INTERTIED"
"SNOHOMISH","06325","SNO PUD 1- CRESWELL","A",57,NA,NA,"INTERTIED"
"SNOHOMISH","06311","STOLL WATER MANAGEMENT","B",11,NA,NA,"INTERTIED"
"SNOHOMISH","12451","SUDDEN VIEW","A",60,NA,NA,"INTERTIED"
"SNOHOMISH","84760","SULTAN ESTATES WATER SYSTEM","A",340,NA,NA,"INTERTIED"
"SNOHOMISH","01349","TAPPE WATER SYSTEM","B",12,NA,NA,"INTERTIED"
"SNOHOMISH","88150","THREE LAKES WATER ASSOCIATION INC","A",1970,NA,NA,"INTERTIED"
"SNOHOMISH","AA444","TWIN FALLS WATER ASSOCIATION","B",0,NA,NA,"INTERTIED"
"SNOHOMISH","02408","TWIN ROADS WATER ASSOCIATION","A",50,NA,NA,"INTERTIED"
"SNOHOMISH","23486","WANDERING CREEK HOMEOWNERS ASSN","A",456,NA,NA,"INTERTIED"
"SNOHOMISH","96930","WILKSHIRE LANE WATER DISTRICT INC","A",460,NA,NA,"INTERTIED"
"SNOHOMISH","98230","WOODS CREEK WATER DISTRICT","A",25,NA,NA,"INTERTIED"
"WAHKIAKUM","69760","PUGET ISLAND","A",1270,NA,NA,"INTERTIED"
"WHATCOM","05875","BERTHUSEN ROAD WATER ASSOCIATION","A",250,NA,NA,"INTERTIED"
"WHATCOM","07106","STICKNEY ISLAND WATER ASSOCIATION","B",24,NA,NA,"INTERTIED"
"WHATCOM","07107","TWIN DITCH WATER ASSOCIATION","B",12,NA,NA,"INTERTIED"
NA,"01270","ALDERWOOD ESTATES",NA,733,NA,NA,"MIXED"
NA,"07650","BONNEY LAKE WATER DEPARTMENT, CITY",NA,32508,NA,NA,"MIXED"
NA,"41650","COVINGTON WATER DISTRICT",NA,38320,NA,NA,"MIXED"
NA,"16270","CROSS VALLEY WATER DISTRICT",NA,17280,NA,NA,"MIXED"
NA,"AA097","DECEPTION SHORES WATER ASSOCIATION",NA,4,NA,NA,"MIXED"
NA,"18580","DEL MAR COMMUNITY SERVICE INC",NA,683,NA,NA,"MIXED"
NA,"25200","FIRGROVE MUTUAL INC",NA,25120,NA,NA,"MIXED"
NA,"43350","LA CONNER WATER DEPT",NA,839,NA,NA,"MIXED"
NA,"88675","MARKS, TOM WATER SYSTEM",NA,23,NA,NA,"MIXED"
NA,"51900","MARYSVILLE UTILITIES",NA,56000,NA,NA,"MIXED"
NA,"75265","NE SAMMAMISH SEWER & WATER DISTRICT",NA,8143,NA,NA,"MIXED"
NA,"01428","NEWAUKUM HILL WATER ASSN",NA,475,NA,NA,"MIXED"
NA,"65000","OVERDALE WATER ASSOCIATION",NA,476,NA,NA,"MIXED"
NA,"43296","PORT ANGELES COMPOSITE",NA,7435,NA,NA,"MIXED"
NA,"68850","PORT OF VANCOUVER",NA,0,NA,NA,"MIXED"
NA,"70050","PUYALLUP, CITY OF",NA,34030,NA,NA,"MIXED"
NA,"00932","SKAGIT COUNTY PUD 1 FIDALGO",NA,1655,NA,NA,"MIXED"
NA,"79500","SKAGIT COUNTY PUD 1 JUDY RES",NA,65000,NA,NA,"MIXED"
NA,"38800","SKYWAY WATER & SEWER",NA,8600,NA,NA,"MIXED"
NA,"80915","SNOHOMISH, CITY OF",NA,8920,NA,NA,"MIXED"
NA,"84760","SULTAN ESTATES WATER SYSTEM",NA,340,NA,NA,"MIXED"
NA,"01250","VALLEY WATER SYSTEM",NA,2200,NA,NA,"MIXED"
NA,"28494","VIEW ROYAL WATER SYSTEM",NA,1128,NA,NA,"MIXED"
"BENTON","07093","LIGO WATER SYSTEM",NA,0,"1268636400",20.8,"NATURAL"
"LINCOLN","24292","LONG LAKE OPERATORS VILLAGE",NA,7,"1232956800",9.89,"NATURAL"
"BENTON","66475","PATERSON ELEMENTARY SCHOOL",NA,2,"1164700800",9.39,"NATURAL"
"KITTITAS","73126","ROARING CREEK",NA,0,"1248246000",9.32,"NATURAL"
"WALLA WALLA","31477","HARRISON-RAY-BURBANK WATER SYSTEM",NA,656,"1291104000",5.2,"NATURAL"
"COLUMBIA","AC223","TUCANNON GUARD STATION",NA,2,"1143532800",5,"NATURAL"
"WALLA WALLA","AB183","DODD ROAD INDUSTRIAL PARK WATER",NA,4,"1194595200",4.91,"NATURAL"
"SPOKANE","12249","CHATTAROY SPRINGS WEST",NA,115,"1127804400",4.7,"NATURAL"
"PIERCE","06682","DALLES WATER ASSOCIATION",NA,21,"1247122800",4.4,"NATURAL"
"KITTITAS","AC209","FROSTY PINES",NA,24,"1148367600",4.21,"NATURAL"
"WALLA WALLA","95047","WESTBOURNE ACRES",NA,94,"1225958400",4.1,"NATURAL"
"WALLA WALLA","00552","SIMPLOT FEEDERS LTD",NA,0,"1246345200",3.538,"NATURAL"
"SAN JUAN","01418","STATES INN AND RANCH",NA,4,"1036310400",3.31,"NATURAL"
"ADAMS","64850","OTHELLO WATER DEPARTMENT",NA,6495,"1190703600",3.27,"NATURAL"
"DOUGLAS","07289","BRAYS LANDING WATER USERS",NA,48,"1175065200",3.11,"NATURAL"
"ADAMS","08361","NATIONAL FOOD CORP - LIND",NA,1,"1262073600",3.07,"NATURAL"
"ADAMS","07764","STAHL HUTTERIAN BRETHREN",NA,65,"1190185200",3.05,"NATURAL"
"SAN JUAN","AA510","OLD TROUT INN WATER SYSTEM",NA,6,"1218092400",3.04,"NATURAL"
"FRANKLIN","94650","WEST 15 DOMESTIC WATER ASSN",NA,150,"1084777200",2.99,"NATURAL"
"WALLA WALLA","92600","WALLULA WATER DISTRICT",NA,200,"1273734000",2.94,"NATURAL"
"FRANKLIN","72500","RINGOLD DOMESTIC WATER CORP",NA,100,"1206428400",2.9,"NATURAL"
"WALLA WALLA","02942","ARLENES ADDITION",NA,480,"1098082800",2.9,"NATURAL"
"FRANKLIN","61250","NORTH 16 DOMESTIC WATER ASSN",NA,60,"1229932800",2.7,"NATURAL"
"WALLA WALLA","AB706","EDWARD LEWIS WATER SYSTEM",NA,2,"1166083200",2.7,"NATURAL"
"SAN JUAN","07563","CHAPEL HILL WATER SYSTEM",NA,2,"1153292400",2.63,"NATURAL"
"BENTON","AC667","JOSEPH CHRISTY VINEYARDS",NA,NA,"1295942400",2.5,"NATURAL"
"YAKIMA","06029","YAK CO - TERRACE HEIGHTS",NA,3903,"980755200",2.5,"NATURAL"
"BENTON","02558","FINLEY ELEMENTARY SCHOOL (NEW)",NA,0,"1063609200",2.48,"NATURAL"
"LINCOLN","04298","COLUMBIA SPRINGS ESTATES",NA,36,"1203408000",2.46,"NATURAL"
"GRANT","56300","MOSES LAKE, CITY OF",NA,22930,"1156402800",2.41,"NATURAL"
"BENTON","AA389","COLUMBIA RIVER SEED",NA,1,"1065250800",2.34,"NATURAL"
"FRANKLIN","94830","WEST MESA DOMESTIC WATER ASSN",NA,250,"1284534000",2.34,"NATURAL"
"WALLA WALLA","34751","KOOSKOOSKIE CABIN OWNERS ASSN",NA,40,"1232611200",2.27,"NATURAL"
"BENTON","AB414","MCCOMAS",NA,3,"1140940800",2.24,"NATURAL"
"BENTON","AB170","PLYMOUTH CAMPGROUND",NA,NA,"1132646400",2.2,"NATURAL"
"BENTON","66479","PATERSON HEIGHTS WATER ASSN",NA,65,"1268035200",2.14,"NATURAL"
"KLICKITAT","74160","ROOSEVELT WATER SYSTEM",NA,145,"1126162800",2.11,"NATURAL"
"YAKIMA","57300","MOXEE WATER DEPARTMENT",NA,2695,"1061967600",2.05,"NATURAL"
"SPOKANE","AA282","SUNSHINE DAY CARE",NA,0,"1249455600",2.02,"NATURAL"
"SKAMANIA","AA918","RIVERWOOD",NA,10,"1023865200",2,"NATURAL"
"ADAMS","47350","LIND, TOWN OF",NA,565,"1192518000",1.95,"NATURAL"
"GRANT","28700","GRAND COULEE WATER DEPT, CITY OF",NA,926,"999414000",1.94,"NATURAL"
"SAN JUAN","01573","SNUG HARBOR RESORT WATER SYSTEM",NA,1,"1150700400",1.94,"NATURAL"
"BENTON","00770","COLUMBIA COLSTOR INC",NA,0,"1049097600",1.93,"NATURAL"
"GRANT","22881","PARKER SPRING WATER",NA,255,"1276239600",1.86,"NATURAL"
"FRANKLIN","66350","PASCO HEIGHTS DOMESTIC WATER ASSN",NA,135,"1177225200",1.85,"NATURAL"
"SAN JUAN","73230","ROCHE HARBOR WATER SYSTEM INC",NA,329,"1093849200",1.82,"NATURAL"
"ADAMS","70690","RADAR MOBILE HOME PARK",NA,200,"1084863600",1.81,"NATURAL"
"BENTON","02431","CUSTOM AG SERVICES",NA,0,"1117522800",1.81,"NATURAL"
"SKAMANIA","AB652","VISTA SPRINGS",NA,14,"1147676400",1.8,"NATURAL"
"WALLA WALLA","AB208","BLUE MOUNTAIN FARMS",NA,NA,"1104652800",1.8,"NATURAL"
"WALLA WALLA","09300","BURBANK IRRIGATION DISTRICT 4",NA,512,"1301900400",1.78,"NATURAL"
"SPOKANE","99730","ZEPHYR LODGE",NA,4,"1173254400",1.76,"NATURAL"
"FERRY","AC350","FORGET ME NOT ANIMAL SHELTER",NA,NA,"1246690800",1.75,"NATURAL"
"GRANT","81300","SOAP LAKE WATER DEPT",NA,1765,"1085382000",1.73,"NATURAL"
"YAKIMA","49650","MABTON, CITY OF",NA,2045,"1245913200",1.71,"NATURAL"
"BENTON","68045","PLYMOUTH WATER DISTRICT",NA,222,"981273600",1.7,"NATURAL"
"FERRY","51877","MARTIN CREEK COMMUNITY ASSN",NA,72,"1067760000",1.7,"NATURAL"
"SPOKANE","39003","DEEP CREEK RANCHETTES",NA,141,"1234080000",1.6,"NATURAL"
"FRANKLIN","AB945","ZIRKLE - PASCO RANCH 1",NA,NA,"1194940800",1.58,"NATURAL"
"FERRY","AC449","FERRY/STEVENS CO FIRE DIST NO 3/8",NA,NA,"1258444800",1.57,"NATURAL"
"FRANKLIN","17189","KEPPS ACRES ASSOCIATION",NA,48,"1282546800",1.57,"NATURAL"
"FRANKLIN","14600","CONNELL, CITY OF",NA,3190,"988009200",1.56,"NATURAL"
"BENTON","92023","INDUSTRIAL DEVELOPMENT COMPLEX",NA,0,"1177916400",1.54,"NATURAL"
"ADAMS","09540","BRUCE WATER SYSTEM",NA,0,"995266800",1.51,"NATURAL"
"CHELAN","AA841","DEER MEADOWS NO 2",NA,2,"1079942400",1.51,"NATURAL"
"BENTON","63913","CONAGRA FOODS LAMB WESTON - FARM",NA,37,"1079596800",1.5,"NATURAL"
"CHELAN","AA840","DEER MEADOWS NO 1",NA,0,"1095145200",1.47,"NATURAL"
"FRANKLIN","96100","WHITE BLUFF WATER ASSOCIATION",NA,105,"1193641200",1.47,"NATURAL"
"YAKIMA","14540","CONGDON ORCHARDS INC",NA,25,"1056438000",1.47,"NATURAL"
"YAKIMA","AB728","PORTTEUS WINERY",NA,3,"1163664000",1.47,"NATURAL"
"YAKIMA","51151","NEW HORIZONS",NA,45,"1164009600",1.42,"NATURAL"
"FRANKLIN","AC580","RM WELL",NA,10,"1279004400",1.4,"NATURAL"
"GRAYS HARBOR","63017","OCEAN CITY CAMPGROUND",NA,0,"1006761600",1.4,"NATURAL"
"PIERCE","01240","LITTLE MASHEL WATER SYSTEM",NA,22,"1273042800",1.4,"NATURAL"
"STEVENS","08268","RED S WATER DISTRICT",NA,20,"987231600",1.4,"NATURAL"
"OKANOGAN","AB371","CHRIS WOOD SHORT PLAT",NA,1,"1096268400",1.39,"NATURAL"
"BENTON","34425","MUNN, D WATER SYSTEM",NA,17,"1218697200",1.38,"NATURAL"
"GRANT","01983","BASIC AMERICAN FOODS",NA,0,"1176102000",1.38,"NATURAL"
"BENTON","23340","KID - ELLIOT LAKE",NA,117,"1061276400",1.34,"NATURAL"
"KLICKITAT","AA411","MARYHILL WINERY",NA,2,"1157958000",1.34,"NATURAL"
"BENTON","03303","SUMMIT VIEW WATER SYSTEM",NA,195,"1103616000",1.32,"NATURAL"
"ADAMS","AA298","GARZA WATER ASSOCIATION",NA,14,"1013500800",1.31,"NATURAL"
"SPOKANE","AC472","CRESCENT FARM",NA,3,"1291276800",1.31,"NATURAL"
"THURSTON","19035","DESCHUTES VILLAGE",NA,135,"1071129600",1.31,"NATURAL"
"BENTON","08396","GOOSE RIDGE WEST",NA,4,"999414000",1.3,"NATURAL"
"ISLAND","96042","SWANTOWN WATER DISTRICT",NA,206,"1192431600",1.3,"NATURAL"
"LEWIS","79650","SKATE CREEK TERRACE ASSOCIATION",NA,12,"1191740400",1.3,"NATURAL"
"SAN JUAN","61400","NORTH SUNSET POINT WATER USERS ASSN",NA,16,"1088406000",1.3,"NATURAL"
"KITTITAS","AC290","KENDRICK STATION",NA,1,"1172044800",1.28,"NATURAL"
"KING","27510","ECHO GLEN WATER SYSTEM",NA,105,"1293436800",1.21,"NATURAL"
"GRANT","AB699","ELDORADO STONE",NA,NA,"1172736000",1.2,"NATURAL"
"GRANT","80210","SKYLINE WATER SYSTEM INC",NA,239,"1032159600",1.2,"NATURAL"
"GRAYS HARBOR","05811","FORESTVIEW SENIOR COMMUNITY LLC",NA,92,"1095145200",1.2,"NATURAL"
"YAKIMA","28970","GRANDVIEW, CITY OF",NA,9150,"1184655600",1.2,"NATURAL"
"CHELAN","FS250","FIELDS POINT - CHELAN RD",NA,0,"1020841200",1.19,"NATURAL"
"SNOHOMISH","82950","SPEE-BI-DAH",NA,15,"1090306800",1.19,"NATURAL"
"YAKIMA","AC133","RANCH NO 8",NA,NA,"1220684400",1.19,"NATURAL"
"ADAMS","85080","SUMMERSET WEST WATER ASSOCIATION",NA,240,"986540400",1.18,"NATURAL"
"FRANKLIN","AA434","D & E CUSTOM MEATS",NA,5,"1178780400",1.18,"NATURAL"
"CHELAN","00641","MORNING SUN ESTATES WATER SYSTEM",NA,7,"1148454000",1.16,"NATURAL"
"FRANKLIN","AC625","COUNTRY CHRISTIAN CENTER",NA,NA,"1276758000",1.16,"NATURAL"
"OKANOGAN","07360","GOLD DIGGER APPLES (KERNAN)",NA,5,"1011686400",1.16,"NATURAL"
"FRANKLIN","38792","RIVER RIDGE ESTATES",NA,70,"1184569200",1.14,"NATURAL"
"SNOHOMISH","57353","WESTHAVER, FRANK WATER COMPANY",NA,12,"1014883200",1.14,"NATURAL"
"FRANKLIN","04461","BASIN CITY WATER-SEWER DISTRICT",NA,560,"1083222000",1.13,"NATURAL"
"COWLITZ","48100","LONGVIEW WATER DEPARTMENT",NA,40878,"1307170800",1.11,"NATURAL"
"ASOTIN","93343","PUD NO 1 OF ASOTIN COUNTY",NA,19800,"1057647600",1.1,"NATURAL"
"BENTON","AB729","KLIPSUN VINEYARDS",NA,3,"1141459200",1.1,"NATURAL"
"CHELAN","07263","MATHISON THOMAS ORCHARDS - STAYMAN",NA,17,"1038902400",1.1,"NATURAL"
"FRANKLIN","AB809","CLARK ADDITION WATER SYSTEM",NA,189,"1204876800",1.1,"NATURAL"
"ISLAND","68430","PONDILLA ESTATES COMMUNITY ASSOC",NA,50,"1096441200",1.1,"NATURAL"
"LINCOLN","NP469","KELLER FERRY MARINA",NA,0,"1124866800",1.1,"NATURAL"
"LINCOLN","NP810","SPRING CANYON CAMPGROUND",NA,0,"1124866800",1.1,"NATURAL"
"SPOKANE","AA184","SELKIRK WATER",NA,15,"1031641200",1.1,"NATURAL"
"CHELAN","02049","SHORT PLATT NO. 2265",NA,7,"1106208000",1.09,"NATURAL"
"BENTON","53220","KID - LORAYNE J",NA,307,"1004601600",1.08,"NATURAL"
"GRANT","AB184","CAVE B WINERY",NA,0,"1128322800",1.07,"NATURAL"
"OKANOGAN","AA464","IRON STRAW",NA,6,"1058684400",1.07,"NATURAL"
"YAKIMA","23280","YAK CO - GALA ESTATES WATER SYSTEM",NA,119,"1068278400",1.07,"NATURAL"
"ADAMS","72700","RITZVILLE WATER DEPARTMENT",NA,1725,"1188543600",1.05,"NATURAL"
"FRANKLIN","86100","SUNSET DOMESTIC WATER ASSN",NA,45,"1081926000",1.03,"NATURAL"
"KITTITAS","AA824","ROSEHIP WATER SYSTEM",NA,24,"1066892400",1.03,"NATURAL"
"YAKIMA","15514","COUNTRY MOBILE ESTATES",NA,180,"1055055600",1.03,"NATURAL"
"WALLA WALLA","08690","BROETJE ORCHARDS",NA,37,"1099641600",1.02,"NATURAL"
"YAKIMA","59700","NOB HILL WATER ASSOCIATION",NA,27610,"1194422400",1.02,"NATURAL"
"OKANOGAN","88700","TONASKET WATER SYSTEM",NA,1010,"1036224000",1.01,"NATURAL"
"ADAMS","AB043","SCHOONOVER HUTTERIAN BRETHREN",NA,35,"1119337200",1,"NATURAL"
"BENTON","AB448","CLODFELTER HEIGHTS 11 & 12",NA,6,"1091430000",1,"NATURAL"
"BENTON","AA431","HORSE HEAVEN HILLS ASSN",NA,8,"1269932400",1,"NATURAL"
"BENTON","AA660","T & S SYSTEMS",NA,10,"1063782000",1,"NATURAL"
"FERRY","35550","INCHELIUM WATER DISTRICT",NA,472,"1033887600",1,"NATURAL"
"GRANT","AC249","RASOR FARM LABOR",NA,NA,"1235548800",1,"NATURAL"
"LEWIS","AB732","CLOVER VALLEY NO 2",NA,10,"1130310000",1,"NATURAL"
"WHATCOM","01383","CHUCKANUT TRAILS WATER SYSTEM",NA,72,"1067760000",1,"NATURAL"
"WHITMAN","87300","TEKOA, CITY OF",NA,827,"1113375600",1,"NATURAL"
"OKANOGAN","85207","SUNCREST PLAT WATER SYSTEM",NA,253,"1046073600",0.99,"NATURAL"
"LINCOLN","83150","SPRAGUE, CITY OF",NA,451,"1188889200",0.989,"NATURAL"
"YAKIMA","56390","MT ADAMS COUNTRY CLUB",NA,1,"1065164400",0.98,"NATURAL"
"YAKIMA","77400","SELAH, CITY OF",NA,7718,"1078732800",0.97,"NATURAL"
"GRANT","92850","WARDEN, CITY OF",NA,2605,"1283410800",0.968,"NATURAL"
"WALLA WALLA","85129","SUN HARBOR WATER DISTRICT NO 3",NA,187,"980755200",0.967,"NATURAL"
"BENTON","22617","BADGER MOUNTAIN IRRIGATION DISTRICT",NA,1810,"1084950000",0.96,"NATURAL"
"KITTITAS","AC435","TALERICO YOUNGER",NA,1,"1213686000",0.96,"NATURAL"
"YAKIMA","AC341","NORTH CLARK HEIGHTS ROAD",NA,16,"1231056000",0.95,"NATURAL"
"CHELAN","AB203","NEFARIOUS CELLARS WINERY",NA,2,"1116226800",0.94,"NATURAL"
"OKANOGAN","AA384","GOLD DIGGER ORCHARDS (NORTH CO.) NO",NA,9,"1032332400",0.94,"NATURAL"
"YAKIMA","AC135","KERSHAW FRUIT & COLD STORAGE",NA,NA,"1168502400",0.94,"NATURAL"
"YAKIMA","38280","KERSHAW FRUIT COMPANY",NA,0,"1168502400",0.94,"NATURAL"
"BENTON","16589","KIONA WEST HEIGHTS WATER ASSN",NA,77,"1242630000",0.932,"NATURAL"
"ADAMS","92829","WARDEN HUTTERIAN BRETHREN 1",NA,106,"1095231600",0.93,"NATURAL"
"BENTON","05801","CANYON VILLAGE WATER SYSTEM INC",NA,310,"1121238000",0.93,"NATURAL"
"BENTON","AC500","ZIRKLE - PATERSON RANCH",NA,13,"1283497200",0.924,"NATURAL"
"BENTON","17641","COLUMBIA CREST WINERY",NA,3,"1055833200",0.92,"NATURAL"
"CHELAN","01824","STONEWATER RANCH",NA,21,"999154800",0.92,"NATURAL"
"WALLA WALLA","NP980","WHITMAN MISSION NATIONAL HISTORIC",NA,2,"1149404400",0.92,"NATURAL"
"YAKIMA","21740","MOXIE COMMUNITY I",NA,114,"1045555200",0.92,"NATURAL"
"ADAMS","52172","BIRD DOG FAMILY LTD PARTNERSHIP II",NA,186,"1301036400",0.91,"NATURAL"
"GRANT","11174","JR SIMPLOT CO",NA,0,"1285743600",0.91,"NATURAL"
"BENTON","05794","HEDGES CELLARS",NA,0,"1105430400",0.9,"NATURAL"
"COWLITZ","11800","CASTLE ROCK MUNICIPAL WATER",NA,2373,"1122274800",0.9,"NATURAL"
"FRANKLIN","08202","CARDENAS, JUAN WATER SYSTEM",NA,4,"980755200",0.9,"NATURAL"
"FRANKLIN","45800","LANDOWNERS WATER ASSOCIATION",NA,28,"1060758000",0.9,"NATURAL"
"GRANT","15460","COULEE LODGE RESORT",NA,0,"1213686000",0.9,"NATURAL"
"GRANT","45350","LAKEVIEW PARK WATER ASSN",NA,1041,"1283929200",0.9,"NATURAL"
"ISLAND","78975","SIERRA COUNTRY CLUB",NA,506,"1103702400",0.9,"NATURAL"
"KITTITAS","02330","ANDERSON HAY & GRAIN CO",NA,0,"1137139200",0.9,"NATURAL"
"OKANOGAN","08300","BREWSTER, CITY OF",NA,2199,"1085382000",0.9,"NATURAL"
"OKANOGAN","15400","COULEE DAM WATER DEPT",NA,1161,"983433600",0.9,"NATURAL"
"WHITMAN","14000","COLFAX WATER DEPARTMENT, CITY OF",NA,2841,"1090220400",0.9,"NATURAL"
"WALLA WALLA","07400","BLALOCK ORCHARDS DIST 12",NA,150,"1186470000",0.895,"NATURAL"
"GRANT","19056","DESERT AIRE OWNER ASSN",NA,1641,"1063090800",0.89,"NATURAL"
"GRANT","AA028","KOLLER",NA,7,"1020322800",0.89,"NATURAL"
"SAN JUAN","13301","ORCAS HIGHLANDS ASSOCIATION, INC.",NA,182,"1285225200",0.89,"NATURAL"
"SNOHOMISH","18707","STILLI RIDGE ESTATES",NA,72,"1179817200",0.89,"NATURAL"
"YAKIMA","21728","EAST VALLEY MARKET",NA,0,"1054191600",0.89,"NATURAL"
"YAKIMA","30530","PLAYLAND PARK",NA,65,"1059548400",0.89,"NATURAL"
"LINCOLN","18100","DAVENPORT WATER DIVISION",NA,1720,"1271746800",0.881,"NATURAL"
"DOUGLAS","98000","WITHROW WATER WORKS",NA,75,"1054537200",0.88,"NATURAL"
"YAKIMA","AC673","BEULAH HEIGHTS",NA,16,"1285743600",0.88,"NATURAL"
"BENTON","08164","GREEN ACRES DOMESTIC WELL",NA,22,"1004774400",0.87,"NATURAL"
"OKANOGAN","AB573","JOHNS FARMS, THE",NA,0,"1148972400",0.87,"NATURAL"
"FRANKLIN","AC463","EASTERDAY RANCHES FEEDLOT",NA,NA,"1256713200",0.86,"NATURAL"
"GRANT","51696","BROWNIE KORNER",NA,5,"1237446000",0.86,"NATURAL"
"GRANT","81570","SOUTH BLUE LAKE WATER ASSN",NA,1,"1262764800",0.86,"NATURAL"
"OKANOGAN","07319","PINE CREEK HOUSING",NA,10,"1026889200",0.86,"NATURAL"
"YAKIMA","98189","WOODLAND PARK MOBIL COURT",NA,75,"1139817600",0.86,"NATURAL"
"WALLA WALLA","92500","WALLA WALLA WATER DIVISION",NA,34185,"999932400",0.851,"NATURAL"
"ADAMS","AA742","JAMN",NA,14,"1080547200",0.85,"NATURAL"
"ADAMS","85950","SUNSET ACRES WATER ASSOCIATION",NA,33,"1285311600",0.85,"NATURAL"
"GRANT","29080","WANAPUM POWERPLANT",NA,0,"1067760000",0.85,"NATURAL"
"SAN JUAN","AB807","ROSARIO RIDGE WATER SYSTEM",NA,5,"1064300400",0.85,"NATURAL"
"SPOKANE","96891","WILDROSE VILLAGE",NA,24,"1197878400",0.85,"NATURAL"
"WALLA WALLA","90542","VETERANS AFFAIR MED CTR, DEPT OF",NA,0,"1292486400",0.843,"NATURAL"
"GRANT","AA117","CANYON CREST ORCHARD & RV PARK",NA,2,"1016611200",0.84,"NATURAL"
"GRANT","66800","PELICAN POINT WATER COMPANY",NA,1117,"1063090800",0.84,"NATURAL"
"SNOHOMISH","02950","ARLINGTON WATER DEPT",NA,14153,"1239606000",0.84,"NATURAL"
"YAKIMA","AB953","ROY FARMS",NA,4,"1204358400",0.84,"NATURAL"
"ADAMS","93450","WASHTUCNA WATER DEPARTMENT",NA,250,"1279609200",0.83,"NATURAL"
"CHELAN","AA029","WILD SHORT PLAT",NA,10,"1006761600",0.83,"NATURAL"
"GRANT","AB095","VALERINA WATER SYSTEM",NA,6,"1084777200",0.83,"NATURAL"
"KITSAP","69150","POULSBO, CITY OF",NA,7840,"1284966000",0.83,"NATURAL"
"KLICKITAT","42800","KLICKITAT WATER SYSTEM",NA,450,"1126162800",0.83,"NATURAL"
"FRANKLIN","AB872","FREEZE PACK",NA,NA,"1289203200",0.82,"NATURAL"
"LINCOLN","01700","ALMIRA WATER SYSTEM",NA,302,"1002870000",0.82,"NATURAL"
"OKANOGAN","02479","OROVILLE CONG.OF JEHOVAHS WITNESSES",NA,0,"1182063600",0.82,"NATURAL"
"ADAMS","53190","MEADOW LANE WATER ASSN",NA,56,"1008835200",0.81,"NATURAL"
"KLICKITAT","72472","RIMROCK WATER ASSOCIATION",NA,67,"1019199600",0.81,"NATURAL"
"OKANOGAN","39411","JOHNSON CREEK WATER USERS ASSN",NA,48,"1093417200",0.81,"NATURAL"
"WALLA WALLA","03150","ARTESIAN WATER DISTRICT 8",NA,219,"1118991600",0.81,"NATURAL"
"WALLA WALLA","41190","SHELTON WATER SYSTEM",NA,19,"982656000",0.81,"NATURAL"
"ADAMS","72410","SECT 11 DIV 1 RIDGEVIEW WATER ASSN",NA,84,"1085641200",0.8,"NATURAL"
"BENTON","16331","J LEIB FOODS WATER SYSTEM",NA,0,"1092812400",0.8,"NATURAL"
"BENTON","AC215","RED MOUNTAIN ESTATE VINEYARD LLC",NA,NA,"1199952000",0.8,"NATURAL"
"FERRY","AA470","K DIAMOND K RANCH",NA,2,"1056265200",0.8,"NATURAL"
"ISLAND","AB189","REEDER BAY WATER SYSTEM",NA,2,"1086591600",0.8,"NATURAL"
"ISLAND","17970","WEST BEACH ROAD ASSOCIATION",NA,40,"1177484400",0.8,"NATURAL"
"JEFFERSON","19444","PADDOCK",NA,7,"1077177600",0.8,"NATURAL"
"KING","41650","COVINGTON WATER DISTRICT",NA,38320,"1029999600",0.8,"NATURAL"
"KITSAP","63918","FOSS ROAD",NA,98,"1092726000",0.8,"NATURAL"
"KLICKITAT","21140","ROADHOUSE 97",NA,2,"1033455600",0.8,"NATURAL"
"LINCOLN","63050","ODESSA",NA,966,"1069142400",0.8,"NATURAL"
"SPOKANE","90685","UPPER COLUMBIA ACADEMY",NA,80,"1120114800",0.8,"NATURAL"
"WALLA WALLA","14131","TYSON FRESH MEATS INC",NA,0,"989132400",0.8,"NATURAL"
"WHATCOM","06429","BARLEAN S WATER SYSTEM",NA,3,"1093417200",0.8,"NATURAL"
"STEVENS","25897","SHILOH WATER SYSTEM",NA,40,"1272956400",0.793,"NATURAL"
"GRANT","AA251","WESTERN POLYMER",NA,0,"1010476800",0.79,"NATURAL"
"WALLA WALLA","AA220","LUNDGREN WATER SYSTEM",NA,0,"1016524800",0.79,"NATURAL"
"YAKIMA","AB968","YAK CO - NORMAN WATER",NA,3,"1185346800",0.784,"NATURAL"
"ADAMS","75200","SADDLE MOUNTAIN WATER ASSOCIATION",NA,219,"1252566000",0.78,"NATURAL"
"GRANT","27395","GEORGE, CITY OF",NA,550,"1056006000",0.78,"NATURAL"
"GRANT","AC347","WHEELER TRUST",NA,2,"1239865200",0.78,"NATURAL"
"YAKIMA","65820","POMONA VIEW MOBILE PARK",NA,470,"1268809200",0.78,"NATURAL"
"ADAMS","89060","GOLDEN PLAINS MHP NO 1",NA,360,"1003993200",0.77,"NATURAL"
"ADAMS","07905","WEEPING RIDGE ESTATE",NA,12,"1143878400",0.77,"NATURAL"
"GRANT","00020","PORT OF ROYAL SLOPE",NA,0,"1265702400",0.77,"NATURAL"
"YAKIMA","99104","YAKIMA TRAINING CENTER - POMONA",NA,10,"1061449200",0.77,"NATURAL"
"BENTON","6091","RED MOUNTAIN WATER ASSOCIATION",NA,200,"1289808000",0.76,"NATURAL"
"FRANKLIN","34867","ELTOPIA PROPERTIES",NA,0,"1291276800",0.76,"NATURAL"
"GRANT","29076","PRIEST RAPIDS POWERPLANT",NA,0,"1067760000",0.76,"NATURAL"
"OKANOGAN","20226","VISTA VUE WATER USERS ASSN",NA,60,"1077004800",0.76,"NATURAL"
"YAKIMA","AC297","BRIDGEVIEW WATER SYSTEM 1",NA,NA,"1259654400",0.76,"NATURAL"
"YAKIMA","85121","SUN ACRES ROAD & WATER ASSN",NA,43,"1069228800",0.76,"NATURAL"
"YAKIMA","92800","WAPATO WATERWORKS",NA,4535,"1064818800",0.76,"NATURAL"
"ADAMS","94910","WEST SIDE MOBILE COURT",NA,80,"1232956800",0.75,"NATURAL"
"BENTON","19060","DESERT HOUSE CAFE & GROCERY",NA,15,"1001401200",0.75,"NATURAL"
"GRANT","AC194","MONTINI ADDITION 3 B",NA,1,"1220252400",0.75,"NATURAL"
"GRANT","AC419","NEPPEL CROSSING",NA,1,"1221634800",0.75,"NATURAL"
"ISLAND","AB514","REVERSCO WATER SYSTEM",NA,3,"993452400",0.75,"NATURAL"
"YAKIMA","09570","BURMAN ACRES WATER",NA,92,"1282719600",0.75,"NATURAL"
"YAKIMA","AB388","MOORE WATER SYSTEM",NA,1,"1086073200",0.75,"NATURAL"
"BENTON","69750","PROSSER, CITY OF",NA,5140,"1094454000",0.74,"NATURAL"
"GRANT","29082","WANAPUM VILLAGE",NA,55,"1059980400",0.74,"NATURAL"
"PIERCE","AA799","GAVIN WATER SYSTEM",NA,0,"1173855600",0.74,"NATURAL"
"CHELAN","01822","ALPINE ACRES COMMUNITY ASSOCIATION",NA,46,"1085554800",0.73,"NATURAL"
"FRANKLIN","AB430","ICE HARBOR WATER SYSTEM",NA,3,"1143014400",0.73,"NATURAL"
"GRANT","08131","WAGON WHEEL MHP",NA,86,"1084950000",0.73,"NATURAL"
"OKANOGAN","07316","GOLD DIGGER ORCHARDS (BLACKLER)",NA,5,"1011686400",0.73,"NATURAL"
"STEVENS","24162","EVERGREEN SCHOOL DISTRICT NO 205",NA,0,"1191999600",0.73,"NATURAL"
"WALLA WALLA","11445","K2H FARMS-HIGGY WATER SYSTEM",NA,35,"997945200",0.73,"NATURAL"
"WALLA WALLA","AB971","PEPPER BRIDGE PUD",NA,NA,"1173769200",0.73,"NATURAL"
"BENTON","56344","SOUTHGATE WATER COMPANY",NA,140,"1044259200",0.72,"NATURAL"
"FRANKLIN","62695","OAKDELL EGG FARMS INC",NA,23,"1006848000",0.72,"NATURAL"
"GRANT","25250","FIRST POTHOLES WATER USERS ASSN",NA,90,"1163404800",0.72,"NATURAL"
"GRANT","74700","ROYAL CITY WATER",NA,1885,"1247641200",0.72,"NATURAL"
"OKANOGAN","AA224","NOLD PLAT",NA,9,"1034406000",0.72,"NATURAL"
"BENTON","22285","EATON PARK SUBDIVISION",NA,50,"1284361200",0.713,"NATURAL"
"FRANKLIN","AC326","JUNIPER AG",NA,NA,"1234857600",0.71,"NATURAL"
"GRANT","52000","MATTAWA WATER SYSTEM",NA,3290,"1282114800",0.71,"NATURAL"
"LINCOLN","77651","SEVEN BAYS ESTATES UNLIMITED",NA,250,"1074153600",0.706,"NATURAL"
"WALLA WALLA","86647","SYDNEY HEIGHTS WATER ASSN",NA,130,"1261036800",0.703,"NATURAL"
"ADAMS","AA291","FARM UNIT 41 WATER ASSN",NA,6,"1011600000",0.7,"NATURAL"
"BENTON","03730","BADGER MOUNTAIN ESTATES",NA,13,"1177657200",0.7,"NATURAL"
"BENTON","AA825","CLODFELTER HEIGHTS 5 & 6",NA,6,"1089788400",0.7,"NATURAL"
"BENTON","AA843","CLODFELTER HEIGHTS 9 & 10",NA,4,"1095058800",0.7,"NATURAL"
"BENTON","03414","GOODNIGHT WATER SYSTEM",NA,50,"1071820800",0.7,"NATURAL"
"BENTON","41140","MOUNT ADAMS VISTA WATER SYSTEM",NA,34,"1001487600",0.7,"NATURAL"
"BENTON","94900","WEST RICHLAND, CITY OF",NA,11200,"1063177200",0.7,"NATURAL"
"FRANKLIN","AA301","EAGLE LAKES RANCH",NA,3,"1293523200",0.7,"NATURAL"
"FRANKLIN","22644","JJR PROPERTIES LLC",NA,23,"1320130800",0.7,"NATURAL"
"FRANKLIN","11901","RADAR HILL WATER SYSTEM",NA,126,"1292832000",0.7,"NATURAL"
"GRANT","AB120","HUNT",NA,6,"1095836400",0.7,"NATURAL"
"GRANT","AC008","OUTLAW CAMP",NA,NA,"1202889600",0.7,"NATURAL"
"GRANT","39346","PERCH POINT RESORT",NA,15,"1101196800",0.7,"NATURAL"
"GRANT","AB122","PERRY",NA,1,"1095836400",0.7,"NATURAL"
"ISLAND","18575","DEL BAY",NA,50,"1040198400",0.7,"NATURAL"
"ISLAND","25137","FIR GROVE MOBILE PARK",NA,65,"1040198400",0.7,"NATURAL"
"KITTITAS","10568","CALVARY BAPTIST CHURCH",NA,0,"1138003200",0.7,"NATURAL"
"LEWIS","08475","MINERAL LIONS DEN",NA,2,"1046678400",0.7,"NATURAL"
"SPOKANE","AC443","SERENITY INN, THE",NA,1,"1153378800",0.7,"NATURAL"
"SPOKANE","93357","SPO CO WATER DIST 3, SYS 7",NA,560,"1027666800",0.7,"NATURAL"
"WALLA WALLA","35275","HYDRO IRRIGATION DISTRICT NO 9",NA,240,"1102147200",0.7,"NATURAL"
"WHATCOM","37950","KELLY ROAD WATER ASSOCIATION",NA,45,"1207378800",0.7,"NATURAL"
"YAKIMA","85400","SUNNYSIDE, CITY OF",NA,15340,"991983600",0.7,"NATURAL"
"YAKIMA","AA227","THOMPSON WELL",NA,6,"1035442800",0.7,"NATURAL"
"ADAMS","32736","HIGHLAND ESTATES WATER SYSTEM",NA,33,"1269414000",0.69,"NATURAL"
"BENTON","93195","WSU IAREC - PROSSER",NA,18,"1239606000",0.69,"NATURAL"
"GRANT","AC125","BAIRD ORCHARDS",NA,3,"1225958400",0.69,"NATURAL"
"GRANT","AC397","DOVE HAVEN WATER SYSTEM NO 2",NA,1,"1219302000",0.69,"NATURAL"
"GRANT","19936","SUN DESERT INC",NA,25,"1145862000",0.69,"NATURAL"
"ADAMS","64845","OTHELLO MANOR WATER SYSTEM",NA,400,"1244617200",0.68,"NATURAL"
"FRANKLIN","76748","SCOOTENEY PARK",NA,2,"1085382000",0.68,"NATURAL"
"GRANT","07790","SUNFRESH INC",NA,0,"1268636400",0.68,"NATURAL"
"KITTITAS","91250","VANTAGE WATER SYSTEM",NA,70,"1191740400",0.68,"NATURAL"
"OKANOGAN","AB950","GRAMMYS NEST BAKERY",NA,NA,"1174546800",0.68,"NATURAL"
"OKANOGAN","63200","OKANOGAN WATER DEPARTMENT, CITY OF",NA,2485,"1008662400",0.68,"NATURAL"
"OKANOGAN","AA037","RAINBOW VALLEY CHURCH",NA,0,"1002610800",0.68,"NATURAL"
"WALLA WALLA","14050","COLLEGE PLACE WATER DEPT",NA,7675,"1215414000",0.68,"NATURAL"
"YAKIMA","93061","WASHINGTON BEEF LLC",NA,0,"1094454000",0.68,"NATURAL"
"BENTON","10724","HARRISON-KIONA WATER SYSTEM",NA,520,"1042358400",0.678,"NATURAL"
"BENTON","AA984","MENDOZA AUTO SALES",NA,0,"1104134400",0.67,"NATURAL"
"DOUGLAS","AA630","MERLOT WATER SYSTEM",NA,0,"1065855600",0.67,"NATURAL"
"GRANT","AA598","MOSES LAKE GOLF & COUNTRY CLUB",NA,0,"1292400000",0.67,"NATURAL"
"KITTITAS","07035","YAKIMA TRAINING CENTER - MPRC",NA,0,"1166601600",0.67,"NATURAL"
"WALLA WALLA","09677","ICE HARBOR DAM",NA,0,"1127977200",0.67,"NATURAL"
"FERRY","AA860","K2 MINE",NA,0,"1192604400",0.667,"NATURAL"
"WALLA WALLA","07350","BLALOCK ORCHARD DIST 10",NA,250,"1176879600",0.664,"NATURAL"
"ADAMS","04530","BASIN VIEW WATER ASSOCIATION",NA,60,"1193209200",0.66,"NATURAL"
"GRANT","85940","SUNSET ACRES WATER ASSN",NA,61,"1285570800",0.66,"NATURAL"
"KITTITAS","19943","DRIFTWOOD ACRES MAINTENANCE CORP",NA,60,"1078473600",0.66,"NATURAL"
"YAKIMA","AB071","HARRISON WELL NO 2",NA,0,"1257667200",0.66,"NATURAL"
"BENTON","42175","KIONA VILLAGE COURT",NA,108,"1190012400",0.657,"NATURAL"
"GRANT","06536","DIAMOND POINT WATER SYSTEM",NA,88,"1245308400",0.65,"NATURAL"
"GRANT","23650","EPHRATA WATER DEPARTMENT",NA,7110,"1090220400",0.65,"NATURAL"
"GRANT","AA719","MR BROWNS VILLAGE",NA,24,"1080115200",0.65,"NATURAL"
"YAKIMA","29075","WANAPUM INDIAN VILLAGE",NA,50,"1067760000",0.65,"NATURAL"
"BENTON","56851","MT VIEW TRACTS",NA,31,"1065078000",0.646,"NATURAL"
"ADAMS","24500","FAIRVIEW DOMESTIC WATER ASSN",NA,75,"1183014000",0.64,"NATURAL"
"ADAMS","31600","HATTON, TOWN OF",NA,105,"1036224000",0.64,"NATURAL"
"ADAMS","08231","HEEB LORAN BEN WATER SYSTEM",NA,10,"980496000",0.64,"NATURAL"
"BENTON","89400","TRI-CITY ESTATES WATER DISTRICT 45",NA,300,"989046000",0.64,"NATURAL"
"GRANT","95240","WESTMONT ACRES INC",NA,185,"1061276400",0.64,"NATURAL"
"SPOKANE","45086","LAKEHURST H2O",NA,125,"1065078000",0.64,"NATURAL"
"BENTON","AA547","TAGGARES WATER SYSTEM",NA,0,"1293436800",0.633,"NATURAL"
"YAKIMA","65815","POMONA ARTESIAN IRRIGATION COMPANY",NA,150,"1174460400",0.632,"NATURAL"
"ADAMS","64830","OTHELLO COUNTRY CLUB WATER ASSN",NA,158,"1083222000",0.63,"NATURAL"
"CHELAN","72809","RIVERBEND MOBILE PARK, LLC",NA,75,"1067760000",0.63,"NATURAL"
"DOUGLAS","73400","ROCK ISLAND DAM POWERHOUSE I",NA,0,"1046160000",0.63,"NATURAL"
"GRANT","56729","WARDEN LAKE RESORT",NA,0,"1026370800",0.63,"NATURAL"
"GRANT","56143","WESTSHORE WATER COMPANY INC",NA,140,"1118732400",0.63,"NATURAL"
"KLICKITAT","49000","LYLE WATER SYSTEM",NA,650,"1126162800",0.63,"NATURAL"
"WALLA WALLA","AC318","J & J GOLF WATER SYSTEM",NA,NA,"1144134000",0.63,"NATURAL"
"WALLA WALLA","AB581","WINE VALLEY WATER SYSTEM",NA,NA,"1144134000",0.63,"NATURAL"
"YAKIMA","08364","BRIDLE MOOR WATER ASSOCIATION",NA,44,"1182754800",0.63,"NATURAL"
"BENTON","AC111","FOUR FEATHERS FRUIT CO.",NA,NA,"1211439600",0.62,"NATURAL"
"DOUGLAS","93600","WATERVILLE, TOWN OF",NA,1185,"1060498800",0.62,"NATURAL"
"FRANKLIN","37400","KAHLOTUS, CITY OF",NA,180,"991465200",0.62,"NATURAL"
"FRANKLIN","AA687","M & M ORCHARDS",NA,7,"1075881600",0.62,"NATURAL"
"GRANT","08520","GROVE TERRACE MOBILE PARK",NA,249,"1185433200",0.62,"NATURAL"
"KITTITAS","HD625","RYEGRASS WB REST AREA (EB-WB)",NA,0,"1065682800",0.62,"NATURAL"
"SAN JUAN","70670","RACCOON POINT WATER SYSTEM",NA,25,"1251097200",0.62,"NATURAL"
"WALLA WALLA","14650","CONSOLIDATED IRRIGATION DIST 14",NA,1440,"1226217600",0.62,"NATURAL"
"GARFIELD","48705","LOWER GRANITE LOCK & DAM",NA,0,"1193814000",0.618,"NATURAL"
"ADAMS","83116","SPORTSMAN TRAILER PARK",NA,150,"1049785200",0.61,"NATURAL"
"GRANT","AB279","AGREX WATER SYSTEM",NA,NA,"1270450800",0.61,"NATURAL"
"GRANT","AA122","BASELINE .5 WATER SYSTEM",NA,8,"1010476800",0.61,"NATURAL"
"GRANT","15300","COULEE CITY, TOWN OF",NA,600,"1099900800",0.61,"NATURAL"
"GRANT","39424","QUAIL RUN MOBILE HOME PARK",NA,165,"1182150000",0.61,"NATURAL"
"GRANT","17874","SOAP LAKE RV RESORT",NA,2,"1046505600",0.61,"NATURAL"
"GRANT","AB756","ZIRKLE - ROYAL SLOPE - 1",NA,NA,"1177657200",0.61,"NATURAL"
"OKANOGAN","00603","APPLEWAY TRAILER COURT",NA,54,"1288335600",0.61,"NATURAL"
"OKANOGAN","63750","OMAK, CITY OF",NA,4705,"1222671600",0.61,"NATURAL"
"STEVENS","51550","MARCUS WATER DEPT",NA,174,"1065078000",0.61,"NATURAL"
"WALLA WALLA","05219","JUBILEE YOUTH RANCH",NA,65,"995958000",0.61,"NATURAL"
"YAKIMA","08815","BROWN TAYLOR WATER CO INC",NA,45,"1172995200",0.61,"NATURAL"
"YAKIMA","06375","PATRICK WATER SYSTEM",NA,12,"1053586800",0.61,"NATURAL"
"YAKIMA","64940","OUTLOOK ELEMENTARY SCHOOL",NA,0,"1174287600",0.608,"NATURAL"
"BENTON","08113","BALL WELL WATER SYSTEM",NA,6,"1143446400",0.6,"NATURAL"
"BENTON","05800","BENTON CITY WATER",NA,2840,"1194159600",0.6,"NATURAL"
"BENTON","AB564","COL SOLARE WINERY",NA,NA,"1159340400",0.6,"NATURAL"
"BENTON","76468","GOOD NEIGHBORS WATER ASSN",NA,40,"994316400",0.6,"NATURAL"
"BENTON","03404","GOOSE GAP WATER ASSOCIATION",NA,24,"1165392000",0.6,"NATURAL"
"BENTON","53263","KELLEYS ESTATES",NA,125,"998895600",0.6,"NATURAL"
"BENTON","AA855","SAVE MORE STORAGE",NA,1,"1079337600",0.6,"NATURAL"
"BENTON","AC289","SMITH FAMILY WATER SYSTEM",NA,6,"1179385200",0.6,"NATURAL"
"DOUGLAS","08168","BRAKER THOMAS ORCHARD",NA,3,"983174400",0.6,"NATURAL"
"DOUGLAS","50850","MANSFIELD WATER SYSTEM",NA,380,"1099641600",0.6,"NATURAL"
"GRANT","06350","BEVERLY WATER DISTRICT",NA,120,"1217574000",0.6,"NATURAL"
"GRANT","AB711","CASCADE MARINA WATER SYSTEM",NA,11,"1161673200",0.6,"NATURAL"
"GRANT","06456","COUNTRY CORNER MOBILE HOME PARK",NA,95,"1174892400",0.6,"NATURAL"
"GRANT","03129","CRESCENT VIEW CONDOMINIUM OWNERS",NA,28,"1084950000",0.6,"NATURAL"
"GRANT","AB175","EASTSIDE",NA,1,"1095836400",0.6,"NATURAL"
"GRANT","68437","R & P RENTALS",NA,24,"1051513200",0.6,"NATURAL"
"GRANT","06206","SMITH BROTHERS DAIRY",NA,0,"1006848000",0.6,"NATURAL"
"GRANT","AA745","SUNSERRA AT CRESCENT BAR",NA,20,"1073376000",0.6,"NATURAL"
"ISLAND","04956","BAYVIEW ESTATES WATER COMPANY",NA,227,"1188370800",0.6,"NATURAL"
"ISLAND","10590","CAMANO CITY COMMUNITY CLUB INC",NA,246,"1197187200",0.6,"NATURAL"
"ISLAND","15550","COUPEVILLE, TOWN OF",NA,2210,"1190790000",0.6,"NATURAL"
"ISLAND","15475","LIGHTHOUSE CHRISTIAN CENTER",NA,0,"1188370800",0.6,"NATURAL"
"ISLAND","09356","MAPLE HILL PARK",NA,35,"1185346800",0.6,"NATURAL"
"ISLAND","74000","ROLLING HILLS-GLENCAIRN",NA,868,"1181718000",0.6,"NATURAL"
"ISLAND","37544","SEAWEST WATER SYSTEM",NA,36,"1153292400",0.6,"NATURAL"
"ISLAND","42705","SKYMEADOWS COMMUNITY ASSOCIATION",NA,51,"1179298800",0.6,"NATURAL"
"ISLAND","06529","WOODGLEN PRD WATER SYSTEM",NA,40,"1184742000",0.6,"NATURAL"
"KITTITAS","AB969","P.S.E. WILD HORSE OPERATIONS BLDG",NA,NA,"1197187200",0.6,"NATURAL"
"KITTITAS","AB387","SIEBER",NA,1,"1029740400",0.6,"NATURAL"
"KITTITAS","AA366","SPARKS PLAT NO 1",NA,14,"1020495600",0.6,"NATURAL"
"KLICKITAT","06900","BINGEN WATER DEPT",NA,690,"1052204400",0.6,"NATURAL"
"KLICKITAT","028450","GOLDENDALE, CITY OF",NA,3745,"994834800",0.6,"NATURAL"
"OKANOGAN","AC641","CASA DE MARAVILLOSA",NA,NA,"1291104000",0.6,"NATURAL"
"OKANOGAN","AC682","COLUMBIA RIVER VISTA ESTATES LLC",NA,1,"1164096000",0.6,"NATURAL"
"OKANOGAN","07870","P AND G ORCHARDS CAMP 2",NA,116,"1117090800",0.6,"NATURAL"
"SAN JUAN","30260","GUTHRIE COVE ESTATES OWNERS ASSOC",NA,11,"1079337600",0.6,"NATURAL"
"SPOKANE","AA288","AGRIPRO WHEAT RESEARCH",NA,0,"1046592000",0.6,"NATURAL"
"SPOKANE","51684","CHATTAROY SPRINGS NORTH",NA,38,"1134460800",0.6,"NATURAL"
"SPOKANE","12028","INDIAN VILLAGE ESTATES WATER ASSN",NA,90,"1155366000",0.6,"NATURAL"
"WHATCOM","18237","ANDERSON CREEK LODGE INC",NA,2,"1022569200",0.6,"NATURAL"
"WHATCOM","96888","WILDWOOD RESORT",NA,8,"1275375600",0.6,"NATURAL"
"WHITMAN","27200","GARFIELD WATER DEPARTMENT",NA,630,"1163145600",0.6,"NATURAL"
"YAKIMA","08411","BIG VALLEY WATER USERS ASSN",NA,10,"992847600",0.6,"NATURAL"
"YAKIMA","04302","EATON HILL WINERY WELL",NA,1,"1034233200",0.6,"NATURAL"
"YAKIMA","06761","OAKWOOD ACRES WATER SYSTEM 1",NA,18,"1029308400",0.6,"NATURAL"
"YAKIMA","03594","RCS RESTAURANT",NA,0,"1038816000",0.6,"NATURAL"
"YAKIMA","02698","ROCK RIDGE WATER SYSTEM",NA,16,"998982000",0.6,"NATURAL"
"YAKIMA","04157","TEDDY BEAR CORNER",NA,0,"982656000",0.6,"NATURAL"
"YAKIMA","AC634","TWO BLUFFS",NA,NA,"1281510000",0.6,"NATURAL"
"YAKIMA","98045","WOLFE WATER ASSOCIATION",NA,70,"1031554800",0.6,"NATURAL"
"YAKIMA","AC238","YAK CO - RAPTOR LANE WATER",NA,0,"1227081600",0.6,"NATURAL"
